season,rho,status,npairs,ncon,w_mean,w_median,w_p90
3,baseline,ok,0,47,0.41840564204597014,0.19980963075622646,0.9072419024011897
3,20,ok,2,49,0.28982545734453646,0.19980963075622651,0.8765226252475066
3,10,infeasible,9,,,,
3,5,infeasible,32,,,,
3,3,infeasible,67,,,,
3,2,infeasible,112,,,,
3,1.5,infeasible,147,,,,
3,1.2,infeasible,179,,,,
3,1.05,infeasible,191,,,,
3,1,infeasible,210,,,,
4,baseline,ok,0,52,0.33726293761047094,0.14313381891644597,0.8764048648721365
4,20,ok,3,55,0.23248192459435432,0.09434118238547265,0.8726016732972244
4,10,infeasible,23,,,,
4,5,infeasible,54,,,,
4,3,infeasible,106,,,,
4,2,infeasible,148,,,,
4,1.5,infeasible,177,,,,
4,1.2,infeasible,196,,,,
4,1.05,infeasible,206,,,,
4,1,infeasible,226,,,,
5,baseline,ok,0,63,0.31039890691671873,0.1335944890761224,0.8588766827848785
5,20,ok,8,71,0.16534805841639452,0.07756351041173312,0.39490643434306344
5,10,infeasible,26,,,,
5,5,infeasible,72,,,,
5,3,infeasible,102,,,,
5,2,infeasible,131,,,,
5,1.5,infeasible,172,,,,
5,1.2,infeasible,192,,,,
5,1.05,infeasible,207,,,,
5,1,infeasible,229,,,,
6,baseline,ok,0,42,0.5055378799340121,0.23134942601361375,0.998501872659176
6,20,ok,2,44,0.4041866401712136,0.1268858034233803,0.9954655583342139
6,10,ok,8,50,0.16666666666666666,0.0,0.9000000000000004
6,5,ok,16,58,0.16666666666666666,0.0,0.9000000000000004
6,3,ok,38,80,0.16666666666666666,0.0,0.9000000000000004
6,2,ok,61,103,0.16666666666666666,0.0,0.9000000000000004
6,1.5,ok,78,120,0.16666666666666666,0.0,0.9000000000000004
6,1.2,ok,88,130,0.16666666666666666,0.0,0.9000000000000004
6,1.05,ok,96,138,0.16666666666666666,0.0,0.9000000000000004
6,1,ok,104,146,0.16666666666666666,0.0,0.9000000000000004
7,baseline,ok,0,43,0.5352347160747567,0.2674635870421647,0.9935799171739702
7,20,ok,4,47,0.15384615384615385,0.0,0.8000000000000007
7,10,ok,13,56,0.15384615384615385,0.0,0.8000000000000007
7,5,ok,35,78,0.15384615384615385,0.0,0.8000000000000007
7,3,ok,61,104,0.15384615384615385,0.0,0.8000000000000007
7,2,ok,83,126,0.15384615384615385,0.0,0.8000000000000007
7,1.5,ok,96,139,0.15384615384615385,0.0,0.8000000000000007
7,1.2,ok,113,156,0.15384615384615385,0.0,0.8000000000000007
7,1.05,ok,130,173,0.15384615384615385,0.0,0.8000000000000007
7,1,ok,148,191,0.15384615384615385,0.0,0.8000000000000007
8,baseline,ok,0,56,0.4318631957745153,0.18786851106165237,0.9010822937037634
8,20,ok,10,66,0.28863373953097826,0.1466530039428839,0.852476884612531
8,10,infeasible,25,,,,
8,5,infeasible,55,,,,
8,3,infeasible,89,,,,
8,2,infeasible,122,,,,
8,1.5,infeasible,141,,,,
8,1.2,infeasible,159,,,,
8,1.05,infeasible,172,,,,
8,1,infeasible,178,,,,
9,baseline,ok,0,51,0.6611978403816597,0.9612605590119626,0.9941619222232945
9,20,ok,17,68,0.4145434884964206,0.2527194819975579,0.9705139288934644
9,10,ok,27,78,0.3729547942054244,0.23448964919846588,0.9590078651857555
9,5,ok,48,99,0.125,0.0,0.5
9,3,ok,79,130,0.125,0.0,0.5
9,2,ok,106,157,0.125,0.0,0.5
9,1.5,ok,130,181,0.125,0.0,0.5
9,1.2,ok,149,200,0.125,0.0,0.5
9,1.05,ok,151,202,0.125,0.0,0.5
9,1,ok,175,226,0.125,0.0,0.5
10,baseline,ok,0,52,0.349077825678836,0.15745071423796822,0.9026670359737929
10,20,infeasible,13,,,,
10,10,infeasible,25,,,,
10,5,infeasible,58,,,,
10,3,infeasible,95,,,,
10,2,infeasible,138,,,,
10,1.5,infeasible,158,,,,
10,1.2,infeasible,179,,,,
10,1.05,infeasible,190,,,,
10,1,infeasible,194,,,,
11,baseline,ok,0,63,0.3119898299290805,0.13987929399688537,0.84429116943388
11,20,ok,7,70,0.25445188645634115,0.07512093202570826,0.7961002055924511
11,10,infeasible,29,,,,
11,5,infeasible,58,,,,
11,3,infeasible,97,,,,
11,2,infeasible,144,,,,
11,1.5,infeasible,174,,,,
11,1.2,infeasible,205,,,,
11,1.05,infeasible,220,,,,
11,1,infeasible,238,,,,
12,baseline,ok,0,52,0.34935345415032365,0.15488884585790041,0.8950333965756717
12,20,ok,4,56,0.3036472366979759,0.1534626352189725,0.8844233170000747
12,10,ok,13,65,0.18786147413897458,0.09444534801606282,0.43840494415512543
12,5,infeasible,40,,,,
12,3,infeasible,76,,,,
12,2,infeasible,109,,,,
12,1.5,infeasible,131,,,,
12,1.2,infeasible,149,,,,
12,1.05,infeasible,153,,,,
12,1,infeasible,169,,,,
13,baseline,ok,0,63,0.32460309115812486,0.142559736049437,0.8874809446965414
13,20,infeasible,12,,,,
13,10,infeasible,34,,,,
13,5,infeasible,72,,,,
13,3,infeasible,111,,,,
13,2,infeasible,156,,,,
13,1.5,infeasible,173,,,,
13,1.2,infeasible,195,,,,
13,1.05,infeasible,207,,,,
13,1,infeasible,229,,,,
14,baseline,ok,0,54,0.48578033299226925,0.1929554230464411,0.9835711550967507
14,20,ok,3,57,0.3870311115015726,0.16571997480026704,0.9412563935502426
14,10,ok,10,64,0.34083060823809874,0.1342910590188084,0.9022961317498343
14,5,infeasible,28,,,,
14,3,infeasible,50,,,,
14,2,infeasible,74,,,,
14,1.5,infeasible,97,,,,
14,1.2,infeasible,108,,,,
14,1.05,infeasible,113,,,,
14,1,infeasible,125,,,,
15,baseline,ok,0,38,0.6288981785309631,0.8701757168873588,0.873851091579617
15,20,ok,0,38,0.6288981785309631,0.8701757168873588,0.873851091579617
15,10,infeasible,10,,,,
15,5,infeasible,34,,,,
15,3,infeasible,64,,,,
15,2,infeasible,106,,,,
15,1.5,infeasible,122,,,,
15,1.2,infeasible,138,,,,
15,1.05,infeasible,138,,,,
15,1,infeasible,168,,,,
16,baseline,ok,0,52,0.44383618673170266,0.20587534993824247,0.9991452129446264
16,20,ok,4,56,0.3060150240785821,0.13940574397414546,0.9334171279266718
16,10,ok,9,61,0.0,0.0,-0.0
16,5,ok,30,82,0.0,0.0,-0.0
16,3,ok,46,98,0.0,0.0,-0.0
16,2,ok,65,117,0.0,0.0,-0.0
16,1.5,ok,76,128,0.0,0.0,-0.0
16,1.2,ok,86,138,0.0,0.0,-0.0
16,1.05,ok,92,144,0.0,0.0,-0.0
16,1,ok,100,152,0.0,0.0,-0.0
17,baseline,ok,0,63,0.28987486346124297,0.12263976941824609,0.7955435959981236
17,20,ok,0,63,0.28987486346124297,0.12263976941824609,0.7955435959981236
17,10,infeasible,5,,,,
17,5,infeasible,17,,,,
17,3,infeasible,40,,,,
17,2,infeasible,74,,,,
17,1.5,infeasible,91,,,,
17,1.2,infeasible,96,,,,
17,1.05,infeasible,97,,,,
17,1,infeasible,117,,,,
18,baseline,ok,0,33,0.5557700363438806,0.5643715198519651,1.0
18,20,ok,0,33,0.5557700363438806,0.5643715198519651,1.0
18,10,ok,3,36,0.25,0.0,1.0
18,5,ok,11,44,0.25,0.0,1.0
18,3,ok,27,60,0.25,0.0,1.0
18,2,ok,43,76,0.25,0.0,1.0
18,1.5,ok,57,90,0.25,0.0,1.0
18,1.2,ok,64,97,0.25,0.0,1.0
18,1.05,ok,67,100,0.25,0.0,1.0
18,1,ok,75,108,0.25,0.0,1.0
19,baseline,ok,0,75,0.25455994542914884,0.11438202120128288,0.7490649420281803
19,20,ok,5,80,0.1850455647515554,0.0816330236902674,0.5290135264610261
19,10,infeasible,14,,,,
19,5,infeasible,39,,,,
19,3,infeasible,82,,,,
19,2,infeasible,118,,,,
19,1.5,infeasible,138,,,,
19,1.2,infeasible,154,,,,
19,1.05,infeasible,160,,,,
19,1,infeasible,186,,,,
20,baseline,ok,0,54,0.3909450647066656,0.15763572908656076,0.7936161122455607
20,20,infeasible,4,,,,
20,10,infeasible,11,,,,
20,5,infeasible,44,,,,
20,3,infeasible,85,,,,
20,2,infeasible,115,,,,
20,1.5,infeasible,139,,,,
20,1.2,infeasible,146,,,,
20,1.05,infeasible,153,,,,
20,1,infeasible,185,,,,
21,baseline,ok,0,38,0.5727334545853723,0.8842352864875498,1.0
21,20,ok,0,38,0.5727334545853723,0.8842352864875498,1.0
21,10,ok,10,48,0.516535726010554,0.1968324406684338,1.0
21,5,ok,25,63,0.23076923076923078,0.0,1.0
21,3,ok,52,90,0.23076923076923078,0.0,1.0
21,2,ok,89,127,0.23076923076923078,0.0,1.0
21,1.5,ok,104,142,0.23076923076923078,0.0,1.0
21,1.2,ok,122,160,0.23076923076923078,0.0,1.0
21,1.05,ok,127,165,0.23076923076923078,0.0,1.0
21,1,ok,145,183,0.23076923076923078,0.0,1.0
22,baseline,ok,0,43,0.5886348955262963,0.9073453055833627,0.9639200653893247
22,20,ok,2,45,0.5488363084809346,0.6866240942676463,0.9607963986051804
22,10,ok,6,49,0.47502637298221595,0.31433717606441397,0.9561554949838751
22,5,ok,39,82,0.12486659260466798,0.04716391205927284,0.2376874966117426
22,3,infeasible,66,,,,
22,2,infeasible,82,,,,
22,1.5,infeasible,96,,,,
22,1.2,infeasible,99,,,,
22,1.05,infeasible,109,,,,
22,1,infeasible,125,,,,
23,baseline,ok,0,56,0.449525602742914,0.19012276214819857,0.9755022087880855
23,20,infeasible,3,,,,
23,10,infeasible,9,,,,
23,5,infeasible,27,,,,
23,3,infeasible,56,,,,
23,2,infeasible,88,,,,
23,1.5,infeasible,106,,,,
23,1.2,infeasible,116,,,,
23,1.05,infeasible,121,,,,
23,1,infeasible,151,,,,
24,baseline,ok,0,52,0.4358775922202522,0.20449876469429182,0.8693891830820172
24,20,ok,0,52,0.4358775922202522,0.20449876469429182,0.8693891830820172
24,10,infeasible,4,,,,
24,5,infeasible,21,,,,
24,3,infeasible,40,,,,
24,2,infeasible,58,,,,
24,1.5,infeasible,77,,,,
24,1.2,infeasible,84,,,,
24,1.05,infeasible,84,,,,
24,1,infeasible,102,,,,
25,baseline,ok,0,39,0.5810982743944316,0.8905231054604171,0.9984674329501916
25,20,ok,8,47,0.23118531232121495,0.0,0.9984674329501916
25,10,ok,12,51,0.23118531232121495,0.0,0.9984674329501916
25,5,ok,28,67,0.23118531232121495,0.0,0.9984674329501916
25,3,ok,42,81,0.23118531232121495,0.0,0.9984674329501916
25,2,ok,59,98,0.23118531232121495,0.0,0.9984674329501916
25,1.5,ok,65,104,0.23118531232121495,0.0,0.9984674329501916
25,1.2,ok,69,108,0.23118531232121495,0.0,0.9984674329501916
25,1.05,ok,70,109,0.23118531232121495,0.0,0.9984674329501916
25,1,ok,78,117,0.23118531232121495,0.0,0.9984674329501916
26,baseline,none,,,,,
26,20,none,,,,,
26,10,none,,,,,
26,5,none,,,,,
26,3,none,,,,,
26,2,none,,,,,
26,1.5,none,,,,,
26,1.2,none,,,,,
26,1.05,none,,,,,
26,1,none,,,,,
27,baseline,ok,0,50,0.570215297279765,0.8663727973658991,0.8676415878510522
27,20,ok,0,50,0.570215297279765,0.8663727973658991,0.8676415878510522
27,10,infeasible,3,,,,
27,5,infeasible,17,,,,
27,3,infeasible,36,,,,
27,2,infeasible,60,,,,
27,1.5,infeasible,80,,,,
27,1.2,infeasible,95,,,,
27,1.05,infeasible,95,,,,
27,1,infeasible,117,,,,
